sequence,label,split
LVSGM,1,train
YPFPGPIP,1,train
MKPVDPNIE,1,train
KR,1,train
WCKDDQNPHS,1,train
LQALHQGQIV,1,train
FLMESH,1,train
MIM,1,train
YM,1,train
DP,1,train
WRS,1,train
SPQ,1,train
RP,1,train
GPV,1,train
YPFPGP,1,train
EMPFPKYPVEP,1,train
GP,1,train
FF,1,train
LV,1,train
GW,1,train
YPVEPFTESQ,1,train
WRQ,1,train
QT,1,train
HP,1,train
GQ,1,train
WP,1,train
LSQSKVLPVPQK,1,train
FA,1,train
YQ,1,train
ET,1,train
LKGYGGVSLPE,1,train
LYQEPVLGPVRGPFP,1,train
LIVTQTMK,1,train
FR,1,train
LPLPLL,1,train
VLGPVRGPFP,1,train
SPAQILQWQ,1,train
HF,1,train
TM,1,train
HD,1,train
EY,1,train
FVYPW,1,train
NR,1,train
LQPEVMG,1,train
LPGERGRPGAPGP,1,train
VAPFPE,1,train
WRM,1,train
AW,1,train
PH,1,train
YPSKPDNPGE,1,train
SI,1,train
EPMIGVNQELAYF,1,train
LGPVRGPFP,1,train
FY,1,train
QQRRLLRRK,1,train
PT,1,train
NG,1,train
PPFLQPEV,1,train
EPMIGVNQELAY,1,train
FVAPFPEVF,1,train
PQNIPPL,1,train
MPFPK,1,train
GA,1,train
SPVVPF,1,train
II,1,train
IVQNNDSTEYGLF,1,train
PPGPTGPRGQPGNIGF,1,train
WM,1,train
VW,1,train
NANEEEY,1,train
YG,1,train
VLGP,1,train
QPHQPLPPT,1,train
FYPELF,1,train
YPYY,1,train
DLTFPA,1,train
LEEL,1,train
YPVEPFT,1,train
YA,1,train
VHSP,1,train
KP,1,train
LPVP,1,train
CAYQWQRPVDRIR,1,train
QD,1,train
VPITPTL,1,train
WI,1,train
WL,1,train
FFSDK,1,train
GI,1,train
PA,1,train
AD,1,train
LSFNPT,1,train
TPVVVPPFLQPEV,1,train
HE,1,train
ILDKVGINY,1,train
IGVNQELAY,1,train
TL,1,train
TY,1,train
FAQTQ,1,train
MG,1,train
VPLGTQY,1,train
VA,1,train
YS,1,train
HPHPH,1,train
AA,1,train
ITVDDK,1,train
AT,1,train
HPINHR,1,train
MYPVDPNIE,1,train
IVY,1,train
VS,1,train
YAKPA,1,train
FFVAPFPEVFGK,1,train
GPVGPAGNPGANGLN,1,train
LQAFEPLR,1,train
VG,1,train
VPPFLQPEV,1,train
TN,1,train
PPPP,1,train
SH,1,train
AMPVQAVLP,1,train
FP,1,train
GY,1,train
WW,1,train
MW,1,train
WRK,1,train
VYPFPGP,1,train
GPA,1,train
MDPVDPNIE,1,train
MWP,1,train
HA,1,train
ALPMHIR,1,train
VP,1,train
ND,1,train
KE,1,train
RPK,1,train
YPY,1,train
VGL,1,train
TPEVDDEALEKF,1,train
NT,1,train
MCPVDPNIE,1,train
WK,1,train
DVTFPA,1,train
LHSMK,1,train
YPSY,1,train
ML,1,train
PF,1,train
ALK,1,train
RG,1,train
EPMIGVNQE,1,train
GPVA,1,train
IPAVFK,1,train
IP,1,train
QH,1,train
REYLLVAQ,1,train
WN,1,train
DQ,1,train
LPQ,1,train
MAPKHKEMPFPKYP,1,train
MAIPPK,1,train
SL,1,train
DTQAIVQNND,1,train
VEP,1,train
LLQS,1,train
GPFPI,1,train
WRL,1,train
TQMVDEEIMEKFR,1,train
QPLPPTVMFPPQ,1,train
LGPVRGPFPI,1,train
YPFPGPIPD,1,train
AP,1,train
IPAVF,1,train
LLQ,1,train
VTGRFAGHPAAQ,1,train
MRPVDPNIE,1,train
IPA,1,train
VK,1,train
MWIVDPNIE,1,train
GE,1,train
TW,1,train
KI,1,train
TF,1,train
EH,1,train
MK,1,train
AVPYPQRDMP,1,train
IHPFAQTQ,1,train
QN,1,train
WLAHKAL,1,train
TQ,1,train
KV,1,train
GG,1,train
TPEVDDEALEK,1,train
LI,1,train
RK,1,train
LL,1,train
YINQMPQKSREA,1,train
TD,1,train
NN,1,train
LCSEKLDQ,1,train
EVTFPA,1,train
RW,1,train
QQ,1,train
MGSF,1,train
LPQNIPPLTQT,1,train
WD,1,train
LPQNIPP,1,train
VYPFPGPIPNSLPQNIPP,1,train
IPIQY,1,train
IPPLTQTPVVVPPF,1,train
EPVLGPVRGPFPI,1,train
VPPFIQPE,1,train
IA,1,train
IPSK,1,train
EP,1,train
LPTEV,1,train
FAGDDAPRA,1,train
YD,1,train
MWV,1,train
DN,1,train
NF,1,train
RPCF,1,train
MIPVDPNIE,1,train
MP,1,train
LYQGPIVLNPWDQVK,1,train
GPGSPGGPL,1,train
VPL,1,train
PG,1,train
MHQPPQPL,1,train
LPL,1,train
NH,1,train
LLR,1,train
WIQP,1,train
LSFM,1,train
LYQEPVLGP,1,train
YPELFR,1,train
QG,1,train
KK,1,train
APGPAGP,1,train
FATGT,1,train
AMAPKHKEMPFPKYP,1,train
VPPFLQPE,1,train
FL,1,train
WRI,1,train
NM,1,train
IADHFL,1,train
LSF,1,train
IPM,1,train
WRR,1,train
IQ,1,train
EK,1,train
EPVLGPVRGPFPII,1,train
RLLLKLRQ,1,train
PACGGFYISGRPG,1,train
KH,1,train
ISQET,1,train
LA,1,train
KVSVVPS,1,train
PY,1,train
AE,1,train
VGGSDLQALK,1,train
LTDVENLHLPLPL,1,train
MAPTSSSTKKTQL,1,train
IPGDPGPPGPPGP,1,train
PPLTQTPV,1,train
NE,1,train
MQPVDPNIE,1,train
WQ,1,train
EI,1,train
LPYPY,1,train
ALGGA,1,train
SPTVMFPPQSVL,1,train
MVPVDPNIE,1,train
EPVLGPV,1,train
MM,1,train
WWW,1,train
TK,1,train
ME,1,train
PPFLQPE,1,train
LTQTP,1,train
VRGPFP,1,train
LHLPLP,1,train
VN,1,train
LKPTPEGDL,1,train
PGVGGPLGPIGPCYG,1,train
MGPVDPNIE,1,train
FLQP,1,train
LEQLLR,1,train
IQKEDVPSERY,1,train
IAVPTGVA,1,train
WMHQPHQPLPPT,1,train
WR,1,train
PN,1,train
ILELA,1,train
CKDDQNPHSS,1,train
IQP,1,train
GPAE,1,train
YPSYGLNY,1,train
MWPVDPNIE,1,train
GPGA,1,train
YI,1,train
PS,1,train
IM,1,train
LKALPMH,1,train
LVYPFPGPIPNSLPQNIPP,1,train
MQ,1,train
IPAVFKIDA,1,train
LTDVEN,1,train
YF,1,train
AH,1,train
RA,1,train
NAVPITPT,1,train
MAPVDPNIE,1,train
LAPSTM,1,train
LVVYPWT,1,train
VI,1,train
QA,1,train
NY,1,train
FPGPIP,1,train
LPVPQ,1,train
NL,1,train
MN,1,train
GGPAGPAV,1,train
IPPLTQT,1,train
TA,1,train
YY,1,train
WE,1,train
TKCEVFRE,1,train
GPM,1,train
SLPQNIPP,1,train
TI,1,train
LTL,1,train
IIAP,1,train
NNAGVAKP,1,train
APG,1,train
SF,1,train
MA,1,train
TH,1,train
KA,1,train
RASDPLLSV,1,train
AV,1,train
RN,1,train
TS,1,train
SIVLQEQSLQ,1,train
IPAVFKIDAL,1,train
TG,1,train
FFVAPFPEVF,1,train
RRDY,1,train
MTPVDPNIE,1,train
IHF,1,train
WH,1,train
FPEVFGKE,1,train
YPVEPF,1,train
HL,1,train
EV,1,train
SLPQNIPPLTQTP,1,train
MI,1,train
GPGE,1,train
SY,1,train
LPQNIPPLT,1,train
HV,1,train
VKSVVAL,1,train
WV,1,train
WRP,1,train
QFADG,1,train
PPLTQ,1,train
LP,1,train
NAVPITPTLNR,1,train
RH,1,train
GPFPII,1,train
QE,1,train
LSERRMLLRKEKQAQ,1,train
KVSVVAL,1,train
LSFNPTQLEEQ,1,train
YP,1,train
IPPL,1,train
FVAPFPEVFGK,1,train
GV,1,train
LTEEEK,1,train
TSGYDTQAIV,1,train
PPLTQTPVVVPPFLQPE,1,train
VF,1,train
HI,1,train
WS,1,train
QPQ,1,train
LIVTQ,1,train
MV,1,train
VLPVP,1,train
VDTFPA,1,train
WRH,1,train
GYGGVSLPEW,1,train
LQP,1,train
SK,1,train
LLAP,1,train
PACGGFWISGRPG,1,train
GF,1,train
QV,1,train
VL,1,train
FALPQ,1,train
PPFLQ,1,train
EPVLGPVRGPF,1,train
LKPTPEGDLEIL,1,train
PGVGGPLGPIGPCYE,1,train
WRG,1,train
SV,1,train
IPPLTQTPV,1,train
VFRELKDLKG,1,train
GPFPIIV,1,train
EPMIGV,1,train
LAPSLPGKPKPD,1,train
VQ,1,train
GL,1,train
NV,1,train
AF,1,train
MFPVDPNIE,1,train
IPPLTQTPVVVPPFLQPEV,1,train
QPF,1,train
LTQTPVVVPPF,1,train
RL,1,train
PV,1,train
IL,1,train
LNENLLR,1,train
GPKGDRGLPGPPGRDGM,1,train
IR,1,train
VVYPW,1,train
LVYPFPGPIPN,1,train
QPG,1,train
WG,1,train
LLYQEPVLGPVR,1,train
WRD,1,train
YNLKERYAAW,1,train
LQSWMHQPHQPLPPTVMFPPQSVL,1,train
ES,1,train
LTFPGSAED,1,train
TE,1,train
TP,1,train
NA,1,train
KY,1,train
QPHQPLPPTVMFPPQSV,1,train
MWPNGSSLG,1,train
HT,1,train
TPVVVPPFLQPE,1,train
VT,1,train
VYPFPGPIPNSLPQNIPPLTQTP,1,train
LT,1,train
LRENNKLMLLELK,1,train
WA,1,train
LPIIDI,1,train
LYQEPVLGPVR,1,train
HKEMPFPKYPVEP,1,train
MDIVDPNIE,1,train
SP,1,train
LIVTQTMKGLDIQKVAGTWYSLAMAASDISLLD,1,train
QNPHSSNICN,1,train
FPGPIPN,1,train
FQSEEQQQTEDELQDKIHP,1,train
QPLPPTV,1,train
PW,1,train
DPF,1,train
AIAV,1,train
MF,1,train
WLAHKALCSEKLDQ,1,train
MPVQA,1,train
YPSYGLNYY,1,train
TATGLLE,1,train
PPLTQTPVVVPPFLQPEV,1,train
IH,1,train
YT,1,train
LHLPLPL,1,train
TR,1,train
GPFPILV,1,train
WVPVDPNIE,1,train
MY,1,train
TPVVVPPFLQPEVM,1,train
NP,1,train
YAKPAAVR,1,train
VLDTDY,1,train
EW,1,train
MMPVDPNIE,1,train
AMAPKHKEMPFPKYPVEP,1,train
VV,1,train
YN,1,train
SW,1,train
VDASLSLKPSFEE,1,train
LIAP,1,train
PK,1,train
ALAV,1,train
GLQLPFSEE,1,train
FTESQS,1,train
LH,1,train
MR,1,train
MH,1,train
IPPLTQTPVVVPPFLQPE,1,train
YE,1,train
LVYPFPGPIPNSLPQNIPPLTQTPVVVPPF,1,train
EQLTKCEVFR,1,train
VPQLEIVPN,1,train
TTAGLLE,1,train
ILDKEGIDY,1,train
GLVGPDAGKEMG,1,train
VPGEIVE,1,train
HKEMPFPKYP,1,train
WRE,1,train
PPG,1,train
PPFLQPEVM,1,train
IDALNENK,1,train
AS,1,train
PI,1,train
HHMP,1,train
MEPVDPNIE,1,train
LPQNIPPL,1,train
YPFPGPIPN,1,train
VE,1,train
HY,1,train
EMPFPKYP,1,train
QF,1,train
VM,1,train
LNFL,1,train
KLLLRRLQ,1,train
AAAAG,1,train
DR,1,train
LN,1,train
WY,1,train
LPP,1,train
MPPVDPNIE,1,train
VAPFPEVFGK,1,train
APFPE,1,train
QL,1,train
ILAP,1,train
SPGSSGPQGFTG,1,train
ILLPGAQDGL,1,train
GPAV,1,train
IW,1,train
ARDLPGQ,0,train
AYFYPEL,0,train
YFSKAYGVPSAYIWE,0,train
MQKYMQIVRYLTILITLI,0,train
SIGWAYQYALSSDSKNLSDLK,0,train
IVGRPRHQG,0,train
ERANLRPCEQHLMQKIQRDE,0,train
YYAPFE,0,train
YHGQRHSDEHHHDDSLPHPQ,0,train
FLIGMTQGLICLITRKC,0,train
GTVGGTKYGLAKGVSLVAVK,0,train
GPPGPP,0,train
TTEWVETTARELPIP,0,train
GPRGF,0,train
PGTRINQETVSLDANGVSGS,0,train
IYFAALSPAVTFGGL,0,train
ESSVDDRPMKTVSQD,0,train
VAPFPEV,0,train
YTLDQVNQHKKAIEE,0,train
VRALEEANTELEVKI,0,train
LNVLRIINEPTAAAI,0,train
QPGPT,0,train
CTFTLPGGGGVCTLTSECIC,0,train
DVAGIVGVPVAAGCT,0,train
RADHRYNDLGHR,0,train
MSSDSAVAALSAAMTSPQKS,0,train
PTFTIETTTLPQDAVSRT,0,train
KCEFQDAYVLLSEKK,0,train
FAKLWAKLAKKL,0,train
ENTIKIQEGSGLSKEE,0,train
GCFEDWSRCSPSTSRGTGVLWRDCDSYCKVCFKADRGECFDSPSLNCPQRLPNNKQCRCINARTAKDNRNPTCWA,0,train
LANVST,0,train
FLPVIAGVAAKFLPKIFCAITKKC,0,train
PSPAKPDPNLYNTLD,0,train
VKHWPW,0,train
WVPSV,0,train
ASGRDIAMAIGTLSGQFVAGGIGAAAGGVAGGAIYDYASTHKPNPAMSPSGLGGTIKQKPEGIPSEAWNYAAGRLCNWSPNNLSDVCL,0,train
LWYYIALKKLRKAFPNKYVKM,0,train
TNGIIR,0,train
KKIIAEKTKIPAVFK,0,train
VIYNINSTIVRSMKDLMQ,0,train
SDKTIDGRGVKV,0,train
IKPLNY,0,train
KFHSGIQSEPKAIP,0,train
MTSRDIEVQGFRIPKGTTLI,0,train
ESSPNTQWELRAFMA,0,train
PCHIAW,0,train
VNNLARTTPDRQAAC,0,train
ANNGNLQLRNKEVTWEVLEG,0,train
NGGYLAAGKLTWADF,0,train
DAYPSGA,0,train
GEPGIAGFKGAQGPKGEPGPA,0,train
RRVTETRSSFSRVSGSPSSGF,0,train
DGTQQFYHYASSVKPARVIF,0,train
GGLRSLGRKILRAWKKYGPIIVPIIRIG,0,train
VRGPFPIIV,0,train
CQSQLERANLRPCEQHLMQK,0,train
EGEPR,0,train
RKVLENRSLSDEERM,0,train
SSKRGRQTPVLYAMLDHSRS,0,train
TQPKTNAIPY,0,train
VAKVNIKPLEDKILV,0,train
CLLCAYSIEFGTNISK,0,train
LHLWLP,0,train
FWGALAKGALKLIPSLFSSFSKKD,0,train
KESWSYIVETPNPENGT,0,train
LEIVPK,0,train
KLIAYPIAVEALSL,0,train
ESQITTLIVSKPERK,0,train
HPFAQTQ,0,train
LGHTVCLSGFMGIDL,0,train
DVRIWPLDPSLLGEP,0,train
RPKHP,0,train
LTQTPVVVPPF,0,train
FLPIVTNLLSGLL,0,train
DSHAKRHHGYKRKFHEKHHSHRGYRSNYLYDN,0,train
LEAKITMLTNGQCQNIT,0,train
QTCSPLRVNHAVLAVGYGTQ,0,train
NRLTPEEIERMVNDAEKFAE,0,train
KRFKQDGGASHASPASS,0,train
DRVYIHPFHL,0,train
STGFYLCTARSSLGS,0,train
GNRFLAPDDQIK,0,train
GKDFFKPLRILLTGNSHGVEF,0,train
GASRHWYFL,0,train
KDERF,0,train
VYPFPGPI,0,train
PLTQTP,0,train
AAPANDKFTVFEAAF,0,train
FGGIDDINQIGQSD,0,train
NKWKKILGKIIKVVK,0,train
LGLLKLVAQRRNLLKYI,0,train
PYVRYL,0,train
AHIII,0,train
ALASPGSCLEEFRASPFLEC,0,train
RRPQDVKFPGGGQIVGGVY,0,train
RADHPF,0,train
FYPEL,0,train
GFGKAFHSVSNFAKKHKTA,0,train
FLPFLASLLSKVL,0,train
FADKPDESTLSPEMKEHYDK,0,train
GLFDIVKKIAGHIVSSI,0,train
ELLAITTVVGNQ,0,train
PAIKAWVAKRPPTDL,0,train
FLGALFKVASKVLPSVKCAITKKC,0,train
GIKCRFCCGCCTPGICGVCCRF,0,train
GTLVRIAPVIGACMARQA,0,train
QGYRVSSYLPLL,0,train
WVPSKKCHLTNIACL,0,train
GCIITSLTGRDKNQVEGE,0,train
TPEVDDEALE,0,train
LIKGRTPIKFGKADCDRPPK,0,train
EVERKHPLGGSRPGRCPTVPPGTFGHCACLCTGDASEPKGQKCCSN,0,train
PDEDAINDALNKVCSTGRRQRSICKQLLKK,0,train
IPSLEAAVKQAYAATVAAAPQ,0,train
LVQGS,0,train
KWCFRVCYRGICYRRCR,0,train
DTANWSWPDGAELPFTI,0,train
FLPIIASVAAKVFSKIFCAISKKC,0,train
PSWGLARVGSKKPGGTTYYY,0,train
KFAYPQ,0,train
FLLSYGEKDFEDYRF,0,train
GLFDIIKKIAESI,0,train
DKIYPSFQPQPLIYP,0,train
AITAKL,0,train
YLAHK,0,train
PSKIKWGD,0,train
VVYPWTQRF,0,train
AEVDCSRFPNATDK,0,train
YEGERAMTKDNNLLG,0,train
GPFPIIV,0,train
TGPIPNSLPQ,0,train
VLILTVPLRRLILPLIFR,0,train
SLGILGIKNLIAAAVPKLTIE,0,train
EENVEHDAEENVEHDA,0,train
CDVGSDWRFLRGYHQYAYDGKD,0,train
MCESASSK,0,train
KAFDITYVRLKF,0,train
PTHIKW,0,train
YFVGKMYFNLID,0,train
LFVVYRDSIPHAACH,0,train
MHTDD,0,train
TKFILVLTGEERQGV,0,train
IPQSLDSWWTSL,0,train
YIPIQYVLSR,0,train
HLMQKIQRDEDSYERDPYSP,0,train
AAEFPDFYDSEEQMGPHQEAEDEKDRADQRVLTEEEKKELENLAAMDLELQKIAEKFSQR,0,train
DVFVIREPFISCSHLE,0,train
LHEPG,0,train
VKAGF,0,train
LKDTQ,0,train
ILRWPWWPWRRK,0,train
GRHSAEYYNKQYLERTRAELDTA,0,train
NVTSIHSLLDEGKQSLTKLA,0,train
KLQKTYSQYKVQYDM,0,train
IEWEG,0,train
VPGEIVESLS,0,train
YFLLKWLGHPNVS,0,train
PTHDAW,0,train
LVYPFP,0,train
DNQLQNGIKRVKEFL,0,train
SKTSASIGSLCADARMYGVLP,0,train
KCIEWEKAQHGA,0,train
YNRLEKVEADAQVDRLITGR,0,train
FLKWLFKWAKK,0,train
PKYVKQNTLKLAT,0,train
AAPAEGEKPAEEEKPITEAA,0,train
YKWLP,0,train
SASVRIRYKKMKVFCPRP,0,train
QSIALSSLMVAQAIP,0,train
VLDCDGSGSNSGVIKGMEWA,0,train
VRTPE,0,train
VNDVCNFASRNDYSYWLSTPA,0,train
MPRWRLFRRIDRVGKQIKQGILRAGPAIALVGDARAVG,0,train
FLATCINGVCWTVYHGAG,0,train
LMNSPEFHLVFGECEGVKIQ,0,train
QTDEIKNDNIQTDEIKNDNI,0,train
NAGFNSNRANSSRSS,0,train
KRHRKVLRDNIQGITKPAIRRLAR,0,train
VVKDPYKFLNKEKRDKFL,0,train
VHLPP,0,train
GRLIPTCKNLRPGPSPKEFE,0,train
VCYNQ,0,train
EVRRYTARLKEGDVF,0,train
LKDAQ,0,train
RMLGQTP,0,train
TATELNNALQNLARTISEAG,0,train
NLLRF,0,train
FKRLAKIKVLRLAKIKR,0,train
IRFSVRRFHPKLGDK,0,train
NIIPA,0,train
AANKQKQELDEISTNIRQAG,0,train
TKKTKLTEEEKNRL,0,train
KHLLATSPKLAKYLS,0,train
QAEQSLIVLESDKASMEI,0,train
LAIPVNKP,0,train
KPQEEKEKITKEILNGK,0,train
IDWKKLLDAAKQIL,0,train
RNPILHFMRLKPKGLNNI,0,train
QFKRELRNLPQQCGLRAPQR,0,train
VPRLPEQGSSSRAEDSPEG,0,train
VAHINVWK,0,train
AVTCNTVVSSLAPCVPFFAGSAAQPTAACCNGVRSLNSAARTTPDRRTACNCIKSSASSIGLNYNKAAKLPSRCTVNVTVPISPSVNCAT,0,train
LVYPFPGPI,0,train
GAPGPAGPGGIPGERG,0,train
SFEYFPSHFFVPELEVTIIC,0,train
SKVYP,0,train
GLPTCGETCTLGTCYVPDCSCSWPICMKN,0,train
RSLTPCTCGSSDLYLVTR,0,train
AHEPVK,0,train
KQKVAGPLCVRMDQAIM,0,train
VKNVIGPFMKAVCVE,0,train
RSIKGF,0,train
EPGEVLVEIETDKAQMDF,0,train
RWRQIFNMVGFRNAV,0,train
YNHNNLLTKFLSTGMVFE,0,train
GIAYFSMVGNWAKVL,0,train
FAQTQS,0,train
AYTGV,0,train
RADHP,0,train
ADTLACRQSHQSCSFVACRAPSVDIGTCRGGKLKCCKWAPSS,0,train
ILMQYIKANSKFIGI,0,train
GFPGTPGLPGF,0,train
VFEWAFAR,0,train
KSCCKNTTGRNIYNTCRFAGGSRERCAKLSGCKIISASTCPSDYPK,0,train
TPRVF,0,train
YPVQPFTE,0,train
GRDYRTCLTIVQKLKKMVDKPTQRSVSNAATRVCRTGRSRWRDVCRNFMRRYQSRVTQGLVAGETAQQICEDLRLCIPSTGPL,0,train
ENFFKEIERAGQRIRDAIISAAPAVETLAQAQKIIKGGD,0,train
LNDALSLRTEARATY,0,train
GFGCPNDYPCHRHCKSIPGRAGGYCGGAHRLRCTCYR,0,train
LSVPDGLKVSNSSARG,0,train
EVLYLKPLAGVYRSLKKQ,0,train
LPPPVH,0,train
MPFPKYPVQPF,0,train
AQAAVVRFQEAANKQKQELD,0,train
GIGGKILSGLKTALKGAAKELASTYLH,0,train
VPPIPP,0,train
DFHINQ,0,train
QLKSPGVTLRPDVYG,0,train
KYDFDGVNRGTRGTS,0,train
AWLHPGAPKVF,0,train
IPLYRNGDFFISSKD,0,train
AVRIGPCDQVCPRIVPERHECCRAHGRSGYAYCSGGGMYCN,0,train
SQSKVLPVPQ,0,train
LHGPYP,0,train
AGLLGVVSTVLLGGV,0,train
ESKHGLTNTASHTRLSCD,0,train
MMEPMVK,0,train
VGINYWLAHKHK,0,train
ERRAKEKLQEQQRDLEQRKADTKK,0,train
TSQDGNNHQFT,0,train
DDMTMKPTPPPQYPLNLQGGGGGGSGDGFGFAVQGHQKVWTSDNGRHEIGLNGGYGQHLGGPYGNSEPSWKVGSTYTYRFPNF,0,train
KNGDGY,0,train
SAYLAHRNQSLDLAEQELVDCAS,0,train
TRNLMGVSELLISTA,0,train
GIPGERGPVGPSG,0,train
RADHFL,0,train
GRFDGTVEVKEGGFE,0,train
YAYVAREQSCR,0,train
NKWEDKRLLYSQA,0,train
FLPIASLLGKYL,0,train
FVAPFPEVFG,0,train
ICKINVAVNIEPQTY,0,train
GHFVKPEAFLPFSAGRRACL,0,train
AVVPVLAYAAARLLL,0,train
CDKKCIEWEKAQ,0,train
VAGYSYTDANK,0,train
NFGSQRFSKIASNTQS,0,train
SSGKNEGTNIYNNNEAFKVE,0,train
IVGRPRH,0,train
LPQNIPPLTQTPVVVPPFLQPEVMGVSK,0,train
YVVKSFDRSTKVIDFHYPNE,0,train
PLGGGSQTWEGSGVLPCVGT,0,train
ARPSR,0,train
EVKEKGMAALPRLIA,0,train
GPGAGTPGGA,0,train
SNEILRLKGLMNSILAQNSGQSLEQ,0,train
VICTTKQYTRRCLSK,0,train
PKKGSKKAVTKAQKKDGKKRKRSR,0,train
GHKIATFQQR,0,train
IPPLTQ,0,train
REGDKHKLKKSELKEL,0,train
FRGLMHY,0,train
KIYPSFQPQPLIYP,0,train
PPEQPFHSYGVTYTFATDA,0,train
KLVFFAEDVGSNKGA,0,train
EYLNKIQNSLSTEWSPCSVT,0,train
LSRGQ,0,train
GFGCPNNYACHQHCKSIRGYCGGYCAGWFRLRCTCYRCG,0,train
RELEE,0,train
HTPGVHMASLSVYLKTNVFL,0,train
VIPEL,0,train
FLSLIPHAINAVSALANHG,0,train
GFGCPGNQLKCNNHCKSISCRAGYCDAATLWLRCTCTDCNGKK,0,train
REKLQLILTLSRNASLYLNGA,0,train
VELWP,0,train
GADLDKIGLHSDSQE,0,train
STHGVW,0,train
ALAPE,0,train
YLVPQL,0,train
KNQKKIRGILESLMCNES,0,train
GVYPHK,0,train
LEDLLMGTLGIVCPICSQKP,0,train
GATRDRPLWIIFSGNMNIKL,0,train
VLPIP,0,train
YISPYFINTSKGQKCEFQDA,0,train
AYPGNGVHCGKYSCTVDKQTAIGNIGNNAA,0,train
RQMVQAMRAIGTHPSSS,0,train
ESVFSKIGNAVGPAAYWILKGLGNMSDVNQADRINRKKH,0,train
PYYLSDITDALSPQV,0,train
LHLPLP,0,train
QDVHKKLREWLSKNV,0,train
ELIHVLHGLYGMQVSS,0,train
RAPRKTSERSQPRGRRQPIPKARR,0,train
GFKLKGMARISCLPNGQWSNFPPKCIRECAMVSS,0,train
LLWLLLFLAILIWMYYHGQR,0,train
NIPPLTQTPV,0,train
ERTYLVNDKAAKMHA,0,train
EFTNVSCTTSKECWSVCQRLHNTSRGKCMNKKCRCYS,0,train
EEYLILSARDVLAVVSK,0,train
LGRSGGDIIKKMQTL,0,train
IRRVTRVYHNGITGETTT,0,train
GTDGVTYTNDCLLC,0,train
KMQAMKLEKDNAMDR,0,train
FVQWFSKFLGRIL,0,train
DQVFPMNPPK,0,train
FLPFIARLAAKVFPSIICSVTKKC,0,train
YQEPVLQPVR,0,train
GRRITTRRIMENGQE,0,train
AVVESNGTLTLSHFGKC,0,train
DIQIPGIKKPTHRDIIIPNWNPNVRTQPWQRFGGNKS,0,train
FPPQSVL,0,train
KLGDKEMIQHYTLDQ,0,train
HHPHGHHPHGHHPHGHHPHG,0,train
VYSLIRPNENPAHKSQL,0,train
DGDFAIVKFTKVLLDYTGHI,0,train
FFSLLPSLIGGLVSAIK,0,train
APVPP,0,train
ASYDTKF,0,train
QRSRQFQNLQNHRIVQIEAK,0,train
AISGSSLAHPQRKIS,0,train
FLPLVTMLLGKLF,0,train
TPEQIKTLVEKLRQT,0,train
ALPKKLKYLNLFNDGFNYMGVV,0,train
LVYPTSLGFPLKLVL,0,train
VDLLVNLLPAILSPGA,0,train
WNINA,0,train
RGLERA,0,train
WHHTF,0,train
IGMIFQHFNLLSAKNVFENVA,0,train
STYQT,0,train
GIPCGESCVFIPCISSVIGCSCSSKVCYRN,0,train
YAEERYPIL,0,train
VDSITEVECFLTPEM,0,train
TTMLIQDEDDLEMA,0,train
FAAQKAKANKAVD,0,train
DEENGLDEYDEVPMPV,0,train
FLSLIPHAINAVSAIAKHF,0,train
VKKTC,0,train
FRVPTPN,0,train
YQEVLGPVRGPFPIIV,0,train
LKELQ,0,train
KCTEEDSGSNGKKITCECTK,0,train
VLDTDYK,0,train
FRGLAKLLKIGLKSFARVLKKVLPKAAKAGKALAKSMADENAIRQQNQ,0,train
FTSLLQHFSFSVPTGQPRPS,0,train
GLFAVIKKVASVIKGL,0,train
LNECQ,0,train
PEKPAPAPETPAPEA,0,train
QAPGKGLEWVAVISY,0,train
KHLPLP,0,train
FLPIVGRLISGLL,0,train
LKLYQWILKQKSMASEEI,0,train
GFGCNGPWDEDDMQCHNHCKSIKGYKGGYCAKGGFVCKCY,0,train
HVIEVQQINSERSWFF,0,train
LYLKRKLIYDAAVEG,0,train
QNIPP,0,train
DLRFLYPRGKLPVPTLPPFNPKPIYIDMGNRY,0,train
FLPLIGKILGTIL,0,train
CIAKGNGCQPSGVQGNCCSGHCHKEPGWVAGYCK,0,train
AQGTLSKIFKLGGRDSRSGSPMARR,0,train
AFPRS,0,train
AAVPVLAFDAARLRLLE,0,train
LSFLPSDFFPSVRDL,0,train
HEACYDQREPQAWCRP,0,train
YAVITWRALNKL,0,train
QAPLKFHFGLNLKLYQWIL,0,train
GLIGLIGPPGEQGEK,0,train
FKGVDAQGTLSKIFKLGGR,0,train
KLYKMAVAFMLAYPY,0,train
ERGDT,0,train
SKDQFEFALTAVAEEVNAILKA,0,train
ENGDVKFDLIPKENTERSHK,0,train
ALAFQ,0,train
AFPPPNVPGPRFPPPNFPGPRFPPPNFPGPRFPPPNFPGPRFPPPNFPGPPFPPPIFPGPWFPPPPPFRPPPFGPPRFP,0,train
KGTGNKNKITITNDQNRLTP,0,train
EKLIETYFSKNYQDYEYLINVI,0,train
SVPGVNPNNAAALPGK,0,train
PALDSLTPANEDQKIGIEII,0,train
ATCDLLSGFGVGDSACAAHCIARRNRGGYCNAKKVCVCRN,0,train
PQGPVPNTALFSLVL,0,train
KDQDK,0,train
GEGAVQWMNRLIAFASRGNHV,0,train
EAGFAKLAASDSKSL,0,train
CIIHRGKPFQLEAVFEANQNTKTA,0,train
LNENLLRFFVAPFPEVFG,0,train
SLVYP,0,train
GQWRGAAGTAAQAAVVRFQE,0,train
AFKLLGRIIHHVGNFVYGFSHVF,0,train
ALQQIMENQSDRLQGRQQEQ,0,train
NTVYFGFDKYDITGE,0,train
ATSLSPFYLRPPSFLR,0,train
NHLYETPISATAMVI,0,train
DYSNTHSTRYV,0,train
APEAPAEQPKPAPAP,0,train
GINHEKYNSSQTIVSNAS,0,train
DRTGVRVLTMCPGVT,0,train
LEFNQ,0,train
DAYPSGAWYYVPLGTQYT,0,train
FGINAENNHRIFLAG,0,train
AKPEG,0,train
MASVEVESAATALPKNETPE,0,train
SDPVLTPVQSAG,0,train
EAHVKITKLSDLKAIDDK,0,train
GKKVLQ,0,train
FHLDLLLVVGMGGVAA,0,train
VDVSEGDIVIYSKYG,0,train
LISTAVQGILFALLGA,0,train
KHRDTSEPGACVMILYF,0,train
VKELQ,0,train
RTEQKDFDGRSEFAYGSFVR,0,train
GGRPTY,0,train
GFGCPNNYQCHRHCKSIPGRCGGYCGGWHRLPCTCYRCG,0,train
SFSVPTGQPRPSHHGVFAFL,0,train
VYIHPF,0,train
GAAELPCSADWW,0,train
GAIIGLMVGGVVIA,0,train
ATPATPTVAQFVIQGSTICLVC,0,train
QKFSEHFSIHCCPPFTFLNSKR,0,train
QLGFLGPR,0,train
FAKIIAKIAKIAKKIL,0,train
ILPILSLIGGLLGK,0,train
LDAQSAPLR,0,train
VQYSRADEEQQQALSSQMGF,0,train
PNRIKYGD,0,train
SEFAYGSFVRTVSLPVGADE,0,train
NENLLRFFVAPFPE,0,train
TRPYRYPRVCDASLS,0,train
INYNLKQHETFKRRV,0,train
VSKVKET,0,train
KSDNQIKAVPASQAL,0,train
NVIYSQNSFLPRATT,0,train
FLFRVASKVFPALIGKFKKK,0,train
NTLYSGHKDNLIRVWSISDAE,0,train
KYPVEPFTESQSLTLTDVENLHL,0,train
STSLVKAHSMRNSAS,0,train
AYCLWMMLLISQAEAALELIT,0,train
GGGYITCPPYVEVCQ,0,train
RELEEL,0,train
AYKRQ,0,train
GDACGETCFTGICFTAGCSCNPWPTCTRN,0,train
FALPQY,0,train
DENSKQKKWDPLKKE,0,train
ENARILKNCVDAKMTEE,0,train
ATCYCRTGRCATRESLSGVCEISGRLYRLCCR,0,train
FLGYSIYLNRKRRGDPAFKRRLRD,0,train
LCGSHLVEALYLVCGER,0,train
APSAK,0,train
ASINKFVVLISATLVLSFAI,0,train
YQEPVLGPVRGPF,0,train
DAYYNYLNNLVLASYNR,0,train
MRKWFHNVLSSGQLLADKWPAWDYNRK,0,train
LPVPQ,0,train
MDFLI,0,train
IVVADLFSAGMVTTSTTLAW,0,train
DFKLFAVYIKYR,0,train
GVENGVKYWLIANSWNEGWG,0,train
ANGILNVSAVDKSTG,0,train
DVYAPGKDITSLKPGGSTDT,0,train
NMYAMMIARFKMFPEVKEKG,0,train
ALLGAQPLLVLGFSG,0,train
LHLPLL,0,train
SVFNVVNSSIGLIMVLSFLFLN,0,train
DYIIDHVDQHNATEI,0,train
KKRFMKLNINVSLPQTLSLK,0,train
LIDKVVK,0,train
AKCIKNGKGCREDQGPPFCCSGFCYRQVGWARGYCKNR,0,train
NGSAAPQLTKNAGVLTCILS,0,train
GIACGESCVFLGCFIPGCSCKSKVCYFN,0,train
YPSFQPQPLIYP,0,train
GCASRCKAKCAGRRCKGWASASFRGRCYCKCFRC,0,train
HPFAQ,0,train
CVLYRYGSFSVTLDI,0,train
GQEYTFYVIVTPYAK,0,train
ALNEINQFYQK,0,train
KFKGKATLTSDK,0,train
ATCDLLSMWNVNHSACAAHCLLLGKSGGRCNDDAVCVCRK,0,train
GFGSLLGKALRLGANVL,0,train
GVGAGY,0,train
TSRNNPFYFPSRRFSTRYGN,0,train
YGSLPQKSQRSQDENPVVHFF,0,train
KEAVPLEDLVLPEPVG,0,train
DRKMYWQFKMDKIQI,0,train
GRENYHGCTTHWGFTLC,0,train
DDTGHNFENTGEAM,0,train
KYYADSVKGRFTISR,0,train
TPEKEEPTAAPAEPEAPAPE,0,train
MGGVAALFGMPWLSA,0,train
PLESPGGTMAPQ,0,train
FLPAIVGAAAKFLPKIFCAISKKC,0,train
VAFNMFTDNVDQ,0,train
IEMLFYMKNLERKKLQSS,0,train
MPFHNIHPLTIG,0,train
KIHPFAQAQ,0,train
QFHQPLVSHQMRLSQ,0,train
LSGTSMASPHVCGLGAYLIG,0,train
DIELLKKILAGGFIQKYDSVMQ,0,train
EADEPLWLYKGDNIERAPTTADHPILPSIIDDVKLDPNRRYA,0,train
SMATGWLQNNGSWYY,0,train
LIYPFVEPIP,0,train
NFSGFTKGTDIADLDAVA,0,train
PLLCVGLRPQWE,0,train
VLAQYK,0,train
NDYSYWLSIPALMPMNMAPI,0,train
NSTYFPGKLRRVIGD,0,train
AKYTGKCTKSKNECKYKNDAGKDTFIKCPKFDNKKCTKDNNKCTVDTYNNAVDCD,0,train
GLPVCGETCVGGTCNTPGCSCSWPVCTRN,0,train
EPKAIP,0,train
FLGALFHALSKLL,0,train
TGPIPN,0,train
VTPVYYIPLEAV,0,train
IPI,1,test
PP,1,test
GPPPPGPPPI,1,test
IHPFAQ,1,test
LAY,1,test
LEIVPN,1,test
LGYLEQLLR,1,test
LLY,1,test
VAGTWY,1,test
LNFLK,1,test
LQSW,1,test
QP,1,test
LY,1,test
RNDDLNYIQ,1,test
PAAVR,1,test
AL,1,test
SPAQILQWQVL,1,test
VAPFPEVF,1,test
MSPVDPNIE,1,test
YPELF,1,test
MLPVDPNIE,1,test
MHPVDPNIE,1,test
YPFPGPI,1,test
MNPVDPNIE,1,test
LPQNIPPLTQTPV,1,test
MDGVDPNIE,1,test
MWPLGPASS,1,test
TPVVVPPF,1,test
TPVVVPPFLQP,1,test
MWPTSSSTK,1,test
VR,1,test
WRN,1,test
WRF,1,test
QPHQPLPPTVMFPPQS,1,test
WRW,1,test
WRT,1,test
WRY,1,test
EPVLGPVRGPFP,1,test
WRA,1,test
HPIKHQGLPQEV,1,test
FAQTQS,1,test
LPLPL,1,test
FLL,1,test
VLVLDTDYK,1,test
LPEWVCTTFH,1,test
LAHKALCSEK,1,test
KAVPYPQRDMP,1,test
LCSEKLDQWL,1,test
LEE,1,test
LGP,1,test
FHTSGYDTQA,1,test
LNVPGE,1,test
LS,1,test
LSQSK,1,test
LSQSKVLPVPQ,1,test
PL,1,test
AAATP,1,test
LYQEPVLGPVRGPFPIIV,1,test
MAPKHKEMPFPKYPVEP,1,test
MAGVDHI,1,test
PPL,1,test
VPITPT,1,test
TDGGLLE,1,test
FAGGTSGSGV,1,test
WC,1,test
WT,1,test
LW,1,test
WF,1,test
LAPPG,1,test
YINQMPQKSRE,1,test
AG,1,test
AY,1,test
EG,1,test
FN,1,test
FQ,1,test
GH,1,test
HH,1,test
HR,1,test
HS,1,test
HW,1,test
IN,1,test
KF,1,test
KG,1,test
KS,1,test
KT,1,test
KW,1,test
LM,1,test
NQ,1,test
NW,1,test
PM,1,test
PQ,1,test
QI,1,test
QS,1,test
QW,1,test
QY,1,test
RI,1,test
RM,1,test
RR,1,test
TT,1,test
TV,1,test
VD,1,test
VH,1,test
VY,1,test
YH,1,test
YK,1,test
YL,1,test
YR,1,test
YV,1,test
YW,1,test
PGPIHNS,1,test
LAHKALCSEKL,1,test
VRGP,1,test
GPAG,1,test
INNQFLPYPY,1,test
IQKVAGTW,1,test
LKPTPEGDLE,1,test
APFPEVF,1,test
TPVVVPP,1,test
QPLPPT,1,test
VC,1,test
FAGDDAPR,1,test
AIV,1,test
FLQY,1,test
FQLGASPY,1,test
ILDL,1,test
IIAEK,1,test
KRIHF,1,test
LLQLEAIR,1,test
GLDIQK,1,test
MKAVCFSL,1,test
NLEIIL,1,test
EPMIGVNQEL,1,test
EPMIGVNQELA,1,test
RPCEQHLMQKIQRDEDSYER,0,test
KGTFLLGLAETSLAG,0,test
DQVHFQPLPPAVVKLSDALI,0,test
LTRSGGASEPLLPHQ,0,test
KSMKVTVAFNQFGPNAGQRM,0,test
EMLFNFLKEQLNKLLGLLRLF,0,test
TPVSPR,0,test
CHGSEPCIIHRGKPF,0,test
ASGGTFSSFAINWVRQAPGQ,0,test
IQYCA,0,test
YQEPVLGPVRG,0,test
SDEGGYTCFFRDHSYQEE,0,test
KAIEEDLKHFNLKYE,0,test
LYRNG,0,test
IPPVPP,0,test
KEDDEEEEQEEE,0,test
KWKLFKKIEKVGQNIRDGIIKAGPAVAVVGQATQIAK,0,test
HQAAGW,0,test
KHIQKEDVPSERYLGYLE,0,test
RMLGQYPYK,0,test
QSHLSLCRWCCNCCRSNKGC,0,test
ADRGWIKTLTKDCPNVISSICAGTIITACKNCA,0,test
RRRPRPPYLPRPRPPPFFPPRLPPRIPPGFPPRFPPRFP,0,test
EKLKHILGKARFIKLN,0,test
FCTMIPIPRCY,0,test
KDAGISVSEIDHVVLV,0,test
KHISSNEYIIEDSFKLLN,0,test
KIISRCQVCMKKRH,0,test
TPLLYRLGAVQNEVTLTH,0,test
CMENSA,0,test
NYAIVEGCPAAANGH,0,test
IDPNG,0,test
PTHIKWD,0,test
PANIKWGD,0,test
LEPGDTIIFEANGNLIA,0,test
LLENGAIFVTSG,0,test
DDTGHDFEDTGEAM,0,test
TSSEVATEVPFRLMHPQPED,0,test
AVPYPQ,0,test
ERILDLRKTKKSCKNGEVLGCVSGHGPPGCSENECGMGPRPKACFFDCHYGCWCTGKLYRRKRDRKCVPKHECLL,0,test
ATCDLLSKWNWNHTACAGHCIAKGFKGGYCNDKAVCVCRN,0,test
RPQIPP,0,test
QKAVPYPQRDMPI,0,test
TQSLVYP,0,test
GQFEDFFPASSRDQS,0,test
GMWSKILKHLIR,0,test
TPPSVVGGLGVTMVH,0,test
KPTQAFVKQHLCGPHL,0,test
LEEAKAKLEEAEKKA,0,test
YLEPA,0,test
LHLPAP,0,test
LRYQKDKKGISTSAASPAVG,0,test
ITRINKK,0,test
PITAKAIAASVG,0,test
VIGMDVAASEFFRSG,0,test
KQVTIRIGCKTS,0,test
SAGMIPAEPGEA,0,test
RADHPFL,0,test
FLGALFKALSHLL,0,test
ALPMH,0,test
FASFDVPSKQPTIDIDLCDI,0,test
GPSMR,0,test
GFRDVLKGAAKAFVKTVAGHIANI,0,test
TEWTSSNVMEERKIKV,0,test
EQKKESKFLPFLTNIETL,0,test
EDYAKEGFRAPLQSK,0,test
FLSHIAGFLSNLF,0,test
LVFLRNAKIELKPNQ,0,test
VSQIFPDSVMLAVQE,0,test
ATGFFAKKEAAEKHL,0,test
DSFIADLVVGLSTGQ,0,test
SLSVYDLESKAVIAEL,0,test
HDDRLGFLTFCPTNL,0,test
DYGLYP,0,test
GAAGGAF,0,test
GVNGEEGVPG,0,test
CLAGRLDKQCTCRRSQPSRRSGHEVGRPSPHCGPSRQCGCHMD,0,test
WPPRPQIPP,0,test
TLVVNRLRGSLKICAVKAPG,0,test
RRVNAANKKPEDLTLNDLET,0,test
YIPIQY,0,test
DDTKKDMLGKLLSTGLVQ,0,test
CYYETADAFKVIM,0,test
GFGMALKLLKKVL,0,test
YLEASGAMKASQWFK,0,test
FLPIIAGIAAKFLPKIFCTISKKC,0,test
RFGISNYCQIYPPNANKIREAL,0,test
MVGSAPGVL,0,test
AKGMMHMIKKGANGS,0,test
VEALFLLMKADPSIH,0,test
LGPEAPHVDYTQLGR,0,test
QDNSAKKEATPATPSKPTPS,0,test
IFKIEKGKVTKSIELNA,0,test
GFMDTAKNVAKNVAVTLIDNLKCKITKAC,0,test
FVDGKEVTSKPANKVS,0,test
VIEPR,0,test
QKRAAQDAAVDAACG,0,test
GKWMTLLKHILK,0,test
MLVAAPLAAANAGVT,0,test
NYIVPEDKREMWMACIKELH,0,test
LGKVTIAQGGVLPNI,0,test
SLLELQKVFSKGTFL,0,test
FMPILSCSRFKRC,0,test
PVCAHRETTIVSFGYSLYAG,0,test
CYSAAKYPGFQEFINRKYKSSRF,0,test
GSLQPLALEGSLQKRGIV,0,test
LTDVEN,0,test
FVLPLVMCKILRKC,0,test
ADNLTTIAHELQQYIDNLNK,0,test
LLEQKRGRVDNYCRHNYGV,0,test
RHRIKMGASLLQIYSA,0,test
QEAFSHIRIPLPH,0,test
DCIRPCFWVELVRGLPR,0,test
LSIYEAIKGVDGLDA,0,test
VRGPFP,0,test
RDMVRRCNNVGIRIY,0,test
TSKGLFRAAVPSGAS,0,test
TYTPT,0,test
MLVFAV,0,test
ARCRG,0,test
KWKKFLKIGIGKFLHLAKKF,0,test
PEVIESPPEI,0,test
ACYCRIPACFAGERRYGTCFYLGRVWAFCC,0,test
FNRGGYNFGKSVRHVVDAIGSVAGILKSIR,0,test
IQKEDVPSER,0,test
YKIADPICTFIFSIL,0,test
ACNFQSCWATCQAQHSIYFRRAFCDRSQCKCVFVRG,0,test
SIKKYINDKQGENEKYLP,0,test
EISTNIRQAGVQYSRADEEQ,0,test
IRWCT,0,test
RFNKRENFKNVLESDLIP,0,test
KAMVALIDVFHQYSGREGDK,0,test
SKVLPVPQK,0,test
